               epoch,      train/box_loss,      train/obj_loss,      train/cls_loss,   metrics/precision,      metrics/recall,     metrics/mAP_0.5,metrics/mAP_0.5:0.95,        val/box_loss,        val/obj_loss,        val/cls_loss,               x/lr0,               x/lr1,               x/lr2
                   0,              0.1167,            0.046619,            0.026693,          0.00062223,             0.14015,          0.00041447,          0.00012632,                0.11,            0.038829,            0.024462,              0.0011,              0.0011,              0.0901
                   1,             0.10759,            0.047435,            0.024352,           0.0048158,             0.55682,           0.0071636,           0.0023679,            0.094989,            0.041513,            0.021549,           0.0022998,           0.0022998,              0.0793
                   2,            0.094374,            0.049642,            0.020759,           0.0075733,             0.83333,             0.14173,            0.041494,            0.080867,            0.042159,            0.015748,           0.0034993,           0.0034993,            0.068499
                   3,            0.087419,            0.049883,            0.016694,           0.0083797,             0.93939,             0.12506,            0.025366,            0.088488,            0.034362,            0.010396,           0.0046986,           0.0046986,            0.057699
                   4,            0.089074,            0.038789,            0.011926,             0.57418,             0.28788,             0.13028,            0.029358,            0.096563,            0.025113,           0.0070157,           0.0058977,           0.0058977,            0.046898
                   5,             0.09863,            0.033781,            0.012017,           0.0083419,             0.77273,            0.040795,            0.011013,             0.11115,             0.02089,           0.0060396,           0.0070965,           0.0070965,            0.036096
                   6,             0.10409,            0.029804,           0.0094011,            0.091256,             0.28788,             0.24894,            0.084925,            0.095567,             0.02224,            0.010499,           0.0082951,           0.0082951,            0.025295
                   7,            0.090282,            0.033452,           0.0098311,             0.18417,             0.22727,             0.19962,            0.054673,            0.093788,            0.021293,            0.011752,           0.0094934,           0.0094934,            0.014493
                   8,            0.082194,            0.031961,           0.0090108,             0.92505,            0.075758,             0.13402,            0.061879,             0.11425,            0.015539,           0.0087768,           0.0099921,           0.0099921,           0.0099921
                   9,             0.10718,            0.022648,           0.0077427,             0.44563,             0.24621,             0.25016,             0.11928,             0.10405,            0.016317,            0.010199,           0.0099921,           0.0099921,           0.0099921
                  10,            0.099452,            0.028518,           0.0070975,             0.52771,             0.29225,              0.2581,             0.12425,             0.10327,            0.015337,           0.0055916,           0.0099911,           0.0099911,           0.0099911
                  11,            0.096983,            0.021999,           0.0054295,             0.45882,             0.26136,             0.23943,             0.11717,             0.10222,            0.017061,           0.0042533,           0.0099901,           0.0099901,           0.0099901
                  12,            0.090317,            0.022383,           0.0049064,             0.17756,             0.64394,             0.21356,            0.052024,            0.091995,             0.01787,           0.0031171,           0.0099891,           0.0099891,           0.0099891
                  13,            0.087439,            0.025426,           0.0040977,             0.53346,             0.47727,             0.46843,             0.15355,            0.092595,            0.015317,           0.0027936,           0.0099881,           0.0099881,           0.0099881
                  14,            0.079876,            0.026632,           0.0037189,             0.33753,             0.73888,               0.468,             0.12419,            0.099213,             0.01673,           0.0021963,           0.0099871,           0.0099871,           0.0099871
                  15,            0.092351,            0.020912,           0.0033677,             0.44783,             0.70924,             0.52378,             0.24095,            0.090994,            0.015633,            0.002263,           0.0099861,           0.0099861,           0.0099861
                  16,            0.082072,            0.023878,           0.0035025,             0.51446,             0.46212,             0.57589,             0.18847,            0.083162,            0.016348,           0.0026693,           0.0099851,           0.0099851,           0.0099851
                  17,            0.082143,            0.022896,           0.0036084,             0.29824,             0.52273,             0.33463,             0.18722,             0.08883,            0.018464,            0.002127,           0.0099842,           0.0099842,           0.0099842
                  18,            0.078209,            0.021059,           0.0027829,              0.3471,             0.72612,             0.41194,             0.19661,            0.079862,             0.01864,           0.0023704,           0.0099832,           0.0099832,           0.0099832
                  19,             0.07902,            0.019161,           0.0029068,             0.44915,             0.76424,             0.62285,             0.21317,            0.079943,            0.016356,           0.0026307,           0.0099822,           0.0099822,           0.0099822
                  20,            0.073421,            0.020691,           0.0028098,             0.39744,             0.71136,             0.54256,             0.27263,            0.069331,            0.016474,           0.0028298,           0.0099812,           0.0099812,           0.0099812
                  21,            0.070775,            0.021043,           0.0027257,             0.34049,              0.8447,             0.46833,             0.21259,            0.073053,              0.0172,           0.0029127,           0.0099802,           0.0099802,           0.0099802
                  22,            0.066799,            0.019922,           0.0026984,             0.43688,             0.83059,             0.52912,             0.29237,            0.073632,            0.016147,             0.00308,           0.0099792,           0.0099792,           0.0099792
                  23,             0.07138,            0.019784,           0.0030505,             0.77585,              0.5926,             0.63678,             0.26973,            0.063323,            0.014033,           0.0032094,           0.0099782,           0.0099782,           0.0099782
                  24,            0.062744,            0.022088,           0.0030671,             0.69887,             0.81439,             0.74107,             0.32985,            0.064321,            0.014878,           0.0034574,           0.0099772,           0.0099772,           0.0099772
                  25,            0.065012,            0.019124,           0.0027984,             0.51999,             0.81439,             0.66701,             0.25878,            0.064561,             0.01491,           0.0033533,           0.0099762,           0.0099762,           0.0099762
                  26,            0.062036,            0.020471,           0.0026788,             0.64913,             0.56083,             0.60807,             0.28125,            0.070013,            0.015734,           0.0032929,           0.0099753,           0.0099753,           0.0099753
                  27,            0.067282,            0.020985,           0.0025637,             0.61925,             0.70259,             0.70465,             0.39355,            0.059274,            0.015658,           0.0035562,           0.0099743,           0.0099743,           0.0099743
                  28,            0.057158,            0.020924,           0.0022211,             0.67586,             0.69463,             0.68971,             0.39962,            0.056938,            0.014962,            0.003239,           0.0099733,           0.0099733,           0.0099733
                  29,            0.057127,            0.022879,           0.0018774,             0.91693,             0.79924,             0.82097,             0.45062,            0.053122,            0.014502,           0.0031186,           0.0099723,           0.0099723,           0.0099723
                  30,            0.052351,            0.018191,            0.001781,             0.71008,             0.67184,             0.77733,             0.42646,            0.057687,            0.014695,           0.0028889,           0.0099713,           0.0099713,           0.0099713
                  31,            0.057097,            0.018952,           0.0017538,             0.67348,             0.68939,             0.75403,             0.36392,            0.053372,            0.014221,           0.0029056,           0.0099703,           0.0099703,           0.0099703
                  32,            0.053217,            0.017564,           0.0019371,             0.62478,             0.81439,             0.72936,             0.35138,            0.058246,            0.014506,           0.0028736,           0.0099693,           0.0099693,           0.0099693
                  33,            0.060303,             0.01744,           0.0020352,             0.69899,             0.77533,             0.73496,             0.35848,            0.060243,             0.01444,           0.0028313,           0.0099683,           0.0099683,           0.0099683
                  34,            0.058268,             0.02015,            0.002289,             0.53287,             0.81439,             0.63677,              0.3202,            0.057602,            0.014736,           0.0027522,           0.0099673,           0.0099673,           0.0099673
                  35,            0.057728,            0.021568,           0.0023354,             0.68978,             0.79924,               0.774,             0.39202,            0.052248,            0.014335,           0.0026813,           0.0099663,           0.0099663,           0.0099663
                  36,            0.053454,            0.017732,           0.0024095,             0.70808,             0.81439,             0.70143,             0.40114,            0.061894,            0.014673,            0.003027,           0.0099654,           0.0099654,           0.0099654
                  37,            0.058138,            0.023192,           0.0021029,             0.60626,             0.72348,             0.70663,             0.41632,            0.052788,            0.014928,           0.0031389,           0.0099644,           0.0099644,           0.0099644
                  38,            0.053171,            0.027697,            0.001999,             0.77017,             0.73313,              0.7622,             0.42932,            0.054518,            0.014731,            0.002887,           0.0099634,           0.0099634,           0.0099634
                  39,            0.060133,             0.02172,           0.0017264,             0.83463,             0.76894,             0.79844,              0.4125,            0.056176,            0.014499,           0.0027851,           0.0099624,           0.0099624,           0.0099624
                  40,            0.055692,            0.018628,           0.0019339,             0.67546,             0.76896,             0.69764,             0.40923,            0.052333,             0.01458,           0.0026885,           0.0099614,           0.0099614,           0.0099614
                  41,            0.053056,            0.018899,           0.0022582,             0.86266,             0.82955,             0.83072,              0.5436,            0.046228,            0.014442,           0.0028606,           0.0099604,           0.0099604,           0.0099604
                  42,            0.047267,             0.01834,           0.0019974,             0.66992,             0.81342,             0.67303,             0.38937,            0.049353,            0.014396,           0.0030319,           0.0099594,           0.0099594,           0.0099594
                  43,            0.051978,            0.019706,           0.0018829,              0.6499,             0.73974,             0.77321,             0.39133,            0.048906,            0.013935,           0.0028994,           0.0099584,           0.0099584,           0.0099584
                  44,            0.048386,            0.018674,            0.001937,             0.52522,              0.7735,             0.66827,             0.38713,            0.056665,            0.014733,           0.0028319,           0.0099574,           0.0099574,           0.0099574
                  45,            0.055014,            0.019572,           0.0020701,             0.85745,             0.70833,             0.77753,             0.46893,            0.046165,            0.014324,           0.0027465,           0.0099564,           0.0099564,           0.0099564
                  46,             0.04565,            0.021356,           0.0025335,             0.89574,              0.7335,             0.81432,             0.40957,             0.04966,            0.014736,           0.0026199,           0.0099555,           0.0099555,           0.0099555
                  47,            0.047694,            0.019012,           0.0021056,             0.86289,             0.79924,             0.82389,             0.48286,            0.043999,            0.015023,           0.0027066,           0.0099545,           0.0099545,           0.0099545
                  48,            0.041768,            0.017941,           0.0018449,             0.81378,             0.78409,             0.79882,             0.54464,            0.044943,            0.014673,           0.0026246,           0.0099535,           0.0099535,           0.0099535
                  49,            0.049261,            0.019586,             0.00161,             0.73007,             0.79924,             0.72582,             0.44721,            0.047186,            0.014786,           0.0023803,           0.0099525,           0.0099525,           0.0099525
                  50,            0.046055,            0.019216,           0.0017278,             0.76816,             0.75379,             0.72423,             0.44447,            0.043259,            0.015738,           0.0026698,           0.0099515,           0.0099515,           0.0099515
                  51,            0.040442,            0.017176,           0.0018292,             0.82352,             0.81439,             0.77552,             0.47407,            0.035573,            0.014805,           0.0027224,           0.0099505,           0.0099505,           0.0099505
                  52,            0.035554,            0.018865,           0.0019588,              0.8427,             0.80953,             0.84909,              0.4739,             0.04085,            0.015635,           0.0025612,           0.0099495,           0.0099495,           0.0099495
                  53,            0.051775,            0.019864,           0.0015784,             0.69432,             0.79924,             0.60285,             0.40565,            0.060097,            0.016268,           0.0022844,           0.0099485,           0.0099485,           0.0099485
                  54,             0.06092,            0.019523,           0.0015145,              0.6236,             0.72348,             0.68761,              0.2596,            0.054891,            0.017901,           0.0022669,           0.0099475,           0.0099475,           0.0099475
                  55,            0.050119,            0.020119,           0.0019643,             0.72602,             0.76894,             0.73049,             0.38583,            0.041026,            0.017015,           0.0021873,           0.0099465,           0.0099465,           0.0099465
                  56,            0.040666,             0.01988,           0.0020889,             0.73766,             0.84175,             0.81902,             0.45259,            0.040052,            0.014953,           0.0020769,           0.0099456,           0.0099456,           0.0099456
                  57,            0.040564,            0.017746,           0.0017396,             0.91792,              0.8447,              0.8224,             0.49869,            0.039903,             0.01458,            0.001937,           0.0099446,           0.0099446,           0.0099446
                  58,            0.038593,            0.018562,            0.001537,             0.74875,             0.80689,             0.84922,             0.44095,            0.038961,             0.01441,           0.0016613,           0.0099436,           0.0099436,           0.0099436
                  59,            0.039645,            0.020066,           0.0013784,              0.9141,             0.81439,             0.87434,             0.55141,            0.039923,            0.014562,            0.001557,           0.0099426,           0.0099426,           0.0099426
                  60,            0.038826,            0.016848,           0.0016299,             0.78398,             0.82955,             0.78533,             0.42597,            0.043535,            0.014428,           0.0016714,           0.0099416,           0.0099416,           0.0099416
                  61,            0.040084,            0.017512,           0.0013307,             0.95922,             0.83267,              0.8489,             0.61128,            0.036256,            0.013887,            0.001494,           0.0099406,           0.0099406,           0.0099406
                  62,            0.033379,            0.017625,           0.0016767,             0.87412,             0.82955,             0.83574,             0.46838,            0.038444,            0.014999,           0.0014357,           0.0099396,           0.0099396,           0.0099396
                  63,            0.038237,            0.016254,           0.0011188,             0.74868,             0.82499,              0.7784,             0.51914,            0.034687,            0.013897,           0.0014147,           0.0099386,           0.0099386,           0.0099386
                  64,             0.03358,             0.01623,           0.0014681,             0.72321,             0.81439,             0.75524,             0.45776,            0.043361,             0.01481,           0.0013838,           0.0099376,           0.0099376,           0.0099376
                  65,             0.04187,            0.017545,           0.0011714,             0.92562,             0.79924,             0.84988,             0.45641,            0.039007,            0.014483,           0.0014031,           0.0099366,           0.0099366,           0.0099366
                  66,            0.034559,            0.015119,           0.0014328,             0.78364,              0.8447,             0.83552,             0.52141,            0.044967,            0.014317,           0.0014951,           0.0099357,           0.0099357,           0.0099357
                  67,             0.04148,            0.018218,           0.0015003,             0.92057,             0.83586,             0.87098,             0.51351,            0.038029,            0.014212,           0.0015637,           0.0099347,           0.0099347,           0.0099347
                  68,             0.03688,            0.016865,            0.001569,             0.91869,             0.83105,             0.84876,             0.51719,            0.041564,            0.014206,           0.0018243,           0.0099337,           0.0099337,           0.0099337
                  69,            0.040486,            0.017728,           0.0015787,             0.92335,              0.8438,             0.84479,             0.47973,            0.039931,            0.014091,           0.0018699,           0.0099327,           0.0099327,           0.0099327
                  70,            0.034638,            0.016405,           0.0015973,             0.93431,             0.84598,             0.85945,             0.52885,            0.035815,            0.013832,           0.0022771,           0.0099317,           0.0099317,           0.0099317
                  71,            0.039224,            0.016752,           0.0015787,             0.89537,             0.79924,             0.82939,             0.47055,            0.039866,            0.014058,           0.0023118,           0.0099307,           0.0099307,           0.0099307
                  72,            0.034179,            0.014881,           0.0016603,             0.83985,             0.82955,             0.79754,             0.57776,            0.034794,            0.013819,           0.0022993,           0.0099297,           0.0099297,           0.0099297
                  73,            0.032955,            0.016135,           0.0017662,             0.84989,             0.82955,             0.83587,             0.52004,            0.035077,            0.014171,           0.0023977,           0.0099287,           0.0099287,           0.0099287
                  74,            0.029525,            0.016616,           0.0018367,             0.94289,             0.82042,             0.85735,              0.5009,             0.03472,            0.013883,           0.0022571,           0.0099277,           0.0099277,           0.0099277
                  75,            0.034472,            0.016168,           0.0016922,              0.8338,             0.81439,               0.817,             0.52048,            0.038872,            0.013928,           0.0022883,           0.0099267,           0.0099267,           0.0099267
                  76,            0.033641,            0.016823,           0.0020499,             0.94615,             0.81169,             0.84759,             0.51844,            0.038799,            0.013902,           0.0025495,           0.0099258,           0.0099258,           0.0099258
                  77,            0.036794,            0.017008,           0.0020067,             0.85868,             0.82955,             0.80661,             0.47536,            0.033589,            0.013663,           0.0025813,           0.0099248,           0.0099248,           0.0099248
                  78,            0.029403,            0.015103,           0.0014867,             0.95282,             0.81439,             0.86033,             0.58657,            0.035276,            0.013804,           0.0025048,           0.0099238,           0.0099238,           0.0099238
                  79,             0.03418,            0.016679,           0.0013658,             0.96239,             0.81439,             0.86825,             0.60095,            0.034722,            0.013725,           0.0025375,           0.0099228,           0.0099228,           0.0099228
                  80,            0.032478,            0.016565,           0.0012219,             0.94757,             0.78409,             0.85748,             0.53333,            0.040008,            0.013916,           0.0021913,           0.0099218,           0.0099218,           0.0099218
                  81,            0.036496,             0.01461,           0.0012554,              0.9721,              0.7926,             0.85954,             0.51757,            0.036634,            0.014286,           0.0022306,           0.0099208,           0.0099208,           0.0099208
                  82,            0.031782,            0.017778,           0.0010663,             0.92177,             0.78409,             0.84255,             0.53378,            0.040164,            0.014614,           0.0018972,           0.0099198,           0.0099198,           0.0099198
                  83,            0.037178,            0.017326,          0.00096422,             0.94107,             0.78065,             0.81868,             0.51144,            0.038882,            0.015128,           0.0019155,           0.0099188,           0.0099188,           0.0099188
                  84,            0.031978,            0.015027,           0.0012218,             0.95517,             0.76894,             0.84494,             0.60111,            0.038519,            0.015273,            0.001998,           0.0099178,           0.0099178,           0.0099178
                  85,            0.035492,            0.015661,           0.0011287,             0.94438,             0.79924,             0.85008,             0.58976,            0.035744,            0.014853,           0.0022284,           0.0099168,           0.0099168,           0.0099168
                  86,            0.028143,             0.01549,           0.0012902,              0.9256,             0.78409,             0.83969,             0.56904,            0.036682,             0.01431,           0.0025959,           0.0099159,           0.0099159,           0.0099159
                  87,            0.034456,            0.017545,           0.0011161,             0.94571,             0.80611,             0.84968,              0.5177,            0.039467,            0.014158,           0.0026357,           0.0099149,           0.0099149,           0.0099149
                  88,            0.028504,            0.014151,           0.0011938,             0.97215,             0.79924,             0.85119,             0.48086,            0.034956,            0.014367,           0.0024289,           0.0099139,           0.0099139,           0.0099139
                  89,            0.033418,            0.015442,           0.0011622,             0.90918,             0.79755,             0.84041,             0.52498,             0.03686,            0.014372,           0.0024386,           0.0099129,           0.0099129,           0.0099129
                  90,            0.029523,            0.015254,           0.0022917,             0.93536,             0.79924,             0.82585,             0.45151,            0.038151,            0.015668,            0.002487,           0.0099119,           0.0099119,           0.0099119
                  91,            0.031308,            0.013682,           0.0014423,             0.89562,             0.79924,             0.85386,             0.54392,            0.033441,            0.015126,           0.0027585,           0.0099109,           0.0099109,           0.0099109
                  92,            0.028406,            0.013913,           0.0018114,             0.92579,             0.79924,             0.84424,             0.56058,            0.038674,            0.016119,           0.0029363,           0.0099099,           0.0099099,           0.0099099
                  93,            0.038795,            0.016169,           0.0014587,             0.96505,             0.79924,             0.83662,             0.49019,            0.039069,            0.015932,           0.0030416,           0.0099089,           0.0099089,           0.0099089
                  94,            0.031387,            0.015319,           0.0014782,             0.94817,             0.79924,             0.85401,             0.52352,            0.039953,            0.015325,           0.0030675,           0.0099079,           0.0099079,           0.0099079
                  95,            0.037246,            0.016021,           0.0014268,             0.91205,             0.79924,             0.83963,             0.50211,            0.038361,            0.015199,           0.0032076,           0.0099069,           0.0099069,           0.0099069
                  96,            0.030699,            0.016004,           0.0014659,             0.93061,             0.79924,             0.84575,             0.55469,            0.036215,            0.015784,           0.0032846,            0.009906,            0.009906,            0.009906
                  97,            0.033033,            0.014943,           0.0014375,             0.91729,             0.82409,             0.84099,             0.56596,            0.033236,            0.014908,           0.0032205,            0.009905,            0.009905,            0.009905
                  98,            0.027239,            0.015006,           0.0014354,             0.95641,             0.78409,             0.84799,             0.55096,            0.034465,            0.014809,           0.0031682,            0.009904,            0.009904,            0.009904
                  99,            0.031391,            0.015848,           0.0012339,               0.916,              0.8226,             0.85341,             0.55116,            0.032425,            0.014992,           0.0031882,            0.009903,            0.009903,            0.009903
                 100,            0.025887,            0.015423,           0.0011528,             0.92236,             0.81439,             0.84689,              0.5817,            0.034383,            0.015131,            0.002952,            0.009902,            0.009902,            0.009902
                 101,            0.028242,            0.014461,          0.00098879,              0.9371,              0.8145,             0.85249,             0.56546,            0.032021,            0.015304,           0.0027871,            0.009901,            0.009901,            0.009901
                 102,            0.026029,            0.012731,           0.0010367,             0.90364,             0.81439,             0.83159,             0.49591,            0.040259,            0.015248,           0.0027322,              0.0099,              0.0099,              0.0099
                 103,            0.036588,            0.016719,          0.00095071,             0.94603,             0.82955,             0.85578,             0.57209,            0.036016,            0.015194,            0.002617,            0.009899,            0.009899,            0.009899
                 104,            0.030662,            0.015888,            0.001032,             0.95515,             0.82955,             0.84732,             0.49955,             0.03978,            0.015751,           0.0025566,            0.009898,            0.009898,            0.009898
                 105,            0.037828,            0.017121,              0.0011,             0.95527,             0.82955,             0.85455,             0.49307,             0.03566,            0.014867,           0.0025758,            0.009897,            0.009897,            0.009897
                 106,            0.033505,            0.015066,           0.0011794,             0.95293,             0.82955,             0.85457,             0.56141,            0.033668,            0.014446,           0.0026332,           0.0098961,           0.0098961,           0.0098961
                 107,            0.029139,            0.015769,           0.0013352,             0.96378,             0.82791,             0.85473,             0.57743,            0.030937,             0.01411,           0.0027364,           0.0098951,           0.0098951,           0.0098951
                 108,            0.025517,            0.012909,           0.0013935,             0.93307,             0.82955,             0.85012,             0.59999,            0.033635,            0.014747,           0.0026698,           0.0098941,           0.0098941,           0.0098941
                 109,            0.033104,             0.01551,           0.0013069,             0.79285,             0.82955,             0.81926,             0.55057,            0.039158,            0.015134,           0.0026688,           0.0098931,           0.0098931,           0.0098931
                 110,            0.031697,            0.015725,           0.0013911,             0.88778,             0.82955,             0.83596,             0.51516,            0.039485,            0.015435,           0.0023209,           0.0098921,           0.0098921,           0.0098921
                 111,            0.036567,             0.01506,           0.0013168,             0.92748,             0.82955,             0.84753,             0.54967,            0.033723,            0.014812,           0.0023877,           0.0098911,           0.0098911,           0.0098911
                 112,            0.027637,            0.013499,           0.0014077,             0.93296,             0.82955,             0.84215,             0.52026,            0.035359,            0.014447,           0.0023585,           0.0098901,           0.0098901,           0.0098901
                 113,            0.034179,            0.014699,           0.0011993,             0.94381,             0.82955,             0.84152,             0.56895,            0.035701,            0.014639,           0.0023858,           0.0098891,           0.0098891,           0.0098891
                 114,            0.029965,            0.015612,           0.0017719,             0.93684,             0.82955,             0.83998,             0.54882,            0.034688,            0.014619,            0.002191,           0.0098881,           0.0098881,           0.0098881
                 115,            0.034479,            0.015167,           0.0011124,             0.94461,             0.82955,             0.85363,             0.59839,            0.032512,            0.013969,           0.0022183,           0.0098871,           0.0098871,           0.0098871
                 116,             0.02758,            0.014757,           0.0013369,             0.94503,             0.82955,              0.8483,             0.57743,            0.035421,            0.014761,           0.0020543,           0.0098861,           0.0098861,           0.0098861
                 117,            0.029737,            0.013296,           0.0010217,             0.92809,             0.82955,             0.85348,             0.54848,            0.031419,            0.014213,           0.0020453,           0.0098852,           0.0098852,           0.0098852
                 118,             0.02585,            0.013167,          0.00091648,             0.93536,             0.82955,             0.85709,             0.59135,            0.032868,            0.013798,           0.0016708,           0.0098842,           0.0098842,           0.0098842
                 119,            0.028147,            0.014419,          0.00086818,             0.97131,             0.82955,             0.85703,             0.55468,            0.031618,            0.013586,           0.0014862,           0.0098832,           0.0098832,           0.0098832
                 120,            0.025094,            0.015492,          0.00079323,             0.97743,             0.82955,              0.8536,             0.54274,            0.035972,            0.014636,           0.0014136,           0.0098822,           0.0098822,           0.0098822
                 121,            0.033086,            0.016527,          0.00084311,              0.9704,             0.82955,             0.85479,              0.5432,            0.034776,             0.01398,           0.0013806,           0.0098812,           0.0098812,           0.0098812
                 122,            0.031524,            0.015041,          0.00099863,             0.98005,             0.79924,             0.85648,             0.57838,            0.035427,            0.013981,           0.0016676,           0.0098802,           0.0098802,           0.0098802
                 123,            0.033454,            0.014927,           0.0010397,             0.96218,             0.79924,             0.85364,             0.58859,            0.036397,            0.014282,           0.0017296,           0.0098792,           0.0098792,           0.0098792
                 124,            0.029011,            0.015243,           0.0010574,             0.95245,             0.81681,             0.85565,              0.5493,             0.03577,            0.015444,           0.0015837,           0.0098782,           0.0098782,           0.0098782
                 125,            0.028841,            0.014116,           0.0013141,             0.95918,               0.829,             0.85582,             0.52382,            0.033839,            0.014833,           0.0016698,           0.0098772,           0.0098772,           0.0098772
                 126,            0.024738,            0.012557,          0.00095412,             0.93368,             0.82236,             0.84605,             0.58815,             0.03339,            0.015577,           0.0017094,           0.0098763,           0.0098763,           0.0098763
                 127,            0.033409,            0.014717,           0.0009979,             0.92058,             0.79924,              0.8247,             0.56834,            0.038236,            0.015933,           0.0016372,           0.0098753,           0.0098753,           0.0098753
                 128,            0.032118,            0.014752,            0.001176,             0.94111,             0.82849,             0.84637,              0.5588,            0.035359,            0.015758,           0.0024731,           0.0098743,           0.0098743,           0.0098743
                 129,            0.030421,            0.015021,           0.0011557,             0.94823,             0.82539,             0.84163,             0.54424,            0.032131,            0.015131,           0.0024551,           0.0098733,           0.0098733,           0.0098733
                 130,            0.024259,            0.013508,           0.0010613,             0.93669,             0.81439,             0.84026,             0.55812,            0.035896,            0.014993,            0.002527,           0.0098723,           0.0098723,           0.0098723
                 131,            0.030219,             0.01359,           0.0011338,             0.94742,              0.8289,             0.83969,             0.56326,            0.033485,            0.014603,           0.0025377,           0.0098713,           0.0098713,           0.0098713
                 132,            0.026946,            0.015518,           0.0016247,             0.93591,             0.82178,             0.84412,             0.52853,            0.032294,            0.014489,           0.0025649,           0.0098703,           0.0098703,           0.0098703
                 133,            0.027069,            0.014567,           0.0010509,             0.94489,              0.8335,             0.84832,             0.56478,            0.032952,            0.014184,           0.0025357,           0.0098693,           0.0098693,           0.0098693
                 134,            0.023569,            0.014382,           0.0010065,             0.95537,             0.82955,             0.85724,             0.61404,            0.033812,            0.014659,           0.0024611,           0.0098683,           0.0098683,           0.0098683
                 135,            0.027364,            0.013641,          0.00097494,             0.95438,             0.82955,             0.85475,             0.60334,             0.03143,            0.014887,           0.0025611,           0.0098673,           0.0098673,           0.0098673
                 136,            0.023918,            0.012859,          0.00087842,             0.92833,             0.85108,             0.85616,             0.49909,            0.032341,            0.014353,           0.0024488,           0.0098664,           0.0098664,           0.0098664
                 137,            0.030036,             0.01502,          0.00086862,             0.96595,             0.81439,             0.84075,             0.51003,            0.035707,            0.015168,            0.002379,           0.0098654,           0.0098654,           0.0098654
                 138,             0.03222,            0.014744,          0.00089311,              0.9652,             0.81439,             0.85884,             0.52189,             0.03504,            0.015067,           0.0026159,           0.0098644,           0.0098644,           0.0098644
                 139,             0.02962,            0.014692,           0.0011931,             0.92767,             0.81439,             0.85702,             0.59362,            0.032867,            0.015287,           0.0027965,           0.0098634,           0.0098634,           0.0098634
                 140,            0.025415,            0.015656,          0.00097361,             0.88094,             0.81439,             0.84002,             0.54819,            0.034913,            0.015017,           0.0030083,           0.0098624,           0.0098624,           0.0098624
                 141,            0.027542,            0.014639,          0.00086736,               0.933,             0.83795,             0.85522,             0.60673,            0.033474,            0.014913,           0.0030058,           0.0098614,           0.0098614,           0.0098614
                 142,            0.023463,            0.013115,           0.0009386,             0.95086,             0.82482,              0.8511,             0.52427,            0.033387,            0.015274,           0.0029961,           0.0098604,           0.0098604,           0.0098604
                 143,            0.028783,            0.013742,          0.00092667,              0.9477,             0.82401,             0.84894,             0.60656,            0.032452,            0.015539,           0.0029879,           0.0098594,           0.0098594,           0.0098594
                 144,            0.025389,            0.013973,           0.0010325,             0.94617,             0.81439,              0.8307,             0.54105,            0.032618,            0.015513,           0.0028886,           0.0098584,           0.0098584,           0.0098584
                 145,            0.025918,            0.013158,           0.0010906,             0.94659,              0.8252,             0.82856,             0.61811,            0.030086,            0.015664,           0.0028859,           0.0098574,           0.0098574,           0.0098574
                 146,            0.021914,            0.013071,           0.0010458,             0.94423,             0.82955,             0.83761,             0.58099,            0.030798,            0.015456,           0.0029995,           0.0098565,           0.0098565,           0.0098565
                 147,            0.027916,             0.01242,           0.0010469,             0.94864,             0.82955,             0.83395,             0.57617,            0.036409,            0.015551,           0.0031268,           0.0098555,           0.0098555,           0.0098555
                 148,            0.027766,            0.016411,           0.0011911,              0.9143,             0.79924,             0.82448,             0.55101,            0.040346,            0.015989,           0.0033564,           0.0098545,           0.0098545,           0.0098545
                 149,            0.036978,            0.015922,           0.0011886,             0.93898,              0.8145,             0.83404,             0.56398,            0.033374,            0.015454,           0.0033688,           0.0098535,           0.0098535,           0.0098535
                 150,            0.028413,            0.015777,           0.0012787,             0.75551,             0.82955,             0.83674,              0.5379,            0.033533,            0.015269,           0.0032497,           0.0098525,           0.0098525,           0.0098525
                 151,            0.032119,            0.015191,           0.0012075,             0.94559,              0.8295,             0.83006,             0.55826,            0.038161,            0.015939,           0.0030051,           0.0098515,           0.0098515,           0.0098515
                 152,            0.034819,             0.01416,           0.0011987,             0.93806,             0.78568,             0.84229,             0.49139,            0.040692,             0.01661,           0.0029833,           0.0098505,           0.0098505,           0.0098505
                 153,            0.034057,            0.014844,           0.0014349,             0.92044,             0.81979,             0.83839,             0.56847,            0.033485,            0.016123,           0.0029787,           0.0098495,           0.0098495,           0.0098495
                 154,            0.026328,            0.014261,           0.0014483,             0.82738,             0.81018,              0.8354,             0.61646,             0.03295,            0.016361,           0.0030145,           0.0098485,           0.0098485,           0.0098485
                 155,            0.029549,            0.016807,           0.0013133,             0.80202,             0.78409,             0.83256,             0.55634,            0.034689,            0.016076,           0.0026314,           0.0098475,           0.0098475,           0.0098475
                 156,            0.030297,            0.014886,           0.0014454,             0.94616,             0.79924,             0.83392,             0.59389,            0.033621,             0.01641,           0.0024886,           0.0098466,           0.0098466,           0.0098466
                 157,            0.028857,            0.013284,           0.0014049,             0.95456,             0.80123,             0.83818,             0.59104,            0.032451,            0.016538,           0.0024689,           0.0098456,           0.0098456,           0.0098456
                 158,            0.023965,            0.014605,           0.0013582,             0.95457,             0.79924,             0.83068,             0.58828,            0.030558,            0.015618,           0.0024458,           0.0098446,           0.0098446,           0.0098446
                 159,            0.025268,            0.013872,           0.0012156,             0.94935,             0.79305,             0.81724,             0.56096,            0.030288,            0.015717,           0.0028668,           0.0098436,           0.0098436,           0.0098436
                 160,            0.024654,            0.015365,           0.0010789,              0.9257,             0.78409,             0.82147,             0.56917,            0.032631,            0.016106,           0.0029225,           0.0098426,           0.0098426,           0.0098426
                 161,            0.029251,            0.013581,          0.00099918,             0.94897,             0.80917,             0.83144,             0.55307,            0.033836,            0.016177,           0.0027088,           0.0098416,           0.0098416,           0.0098416
                 162,            0.026259,            0.012806,          0.00090847,             0.94238,             0.80263,             0.83485,             0.58341,            0.036423,            0.016665,           0.0026599,           0.0098406,           0.0098406,           0.0098406
                 163,            0.030792,            0.013303,          0.00089432,             0.94408,             0.79924,             0.84154,             0.59365,            0.032805,             0.01612,            0.002711,           0.0098396,           0.0098396,           0.0098396
                 164,             0.02538,            0.014373,           0.0010662,             0.92796,             0.82955,             0.84174,             0.57343,            0.033361,              0.0156,           0.0027868,           0.0098386,           0.0098386,           0.0098386
                 165,            0.030629,            0.015724,          0.00088712,             0.94849,             0.80855,             0.84131,             0.58893,            0.033695,            0.015648,           0.0027208,           0.0098376,           0.0098376,           0.0098376
                 166,            0.027413,            0.013436,          0.00085592,             0.93332,             0.81439,             0.85747,              0.5508,            0.036951,            0.015801,            0.002775,           0.0098367,           0.0098367,           0.0098367
                 167,            0.033326,            0.015478,          0.00090489,             0.92806,             0.81439,             0.84381,             0.57936,            0.033277,            0.014784,           0.0027047,           0.0098357,           0.0098357,           0.0098357
                 168,            0.026554,            0.018229,          0.00092764,              0.9354,             0.81439,             0.84975,             0.59322,             0.02995,            0.014551,           0.0027435,           0.0098347,           0.0098347,           0.0098347
                 169,            0.026414,            0.012727,          0.00089872,             0.92246,             0.81439,             0.84691,             0.59402,             0.03349,            0.014765,           0.0026978,           0.0098337,           0.0098337,           0.0098337
                 170,             0.02446,            0.013242,          0.00081313,             0.96453,             0.81439,               0.845,             0.59393,            0.032661,             0.01544,           0.0028047,           0.0098327,           0.0098327,           0.0098327
                 171,            0.027627,            0.015714,          0.00081714,              0.9774,             0.79924,              0.8426,             0.58472,            0.030723,            0.015369,           0.0027485,           0.0098317,           0.0098317,           0.0098317
                 172,            0.023565,            0.012198,          0.00079672,             0.95988,             0.78409,             0.84314,             0.59193,            0.030188,            0.015636,           0.0027339,           0.0098307,           0.0098307,           0.0098307
                 173,            0.025021,            0.013533,          0.00078477,             0.98704,             0.76814,             0.84207,             0.55138,            0.031389,            0.015608,           0.0028622,           0.0098297,           0.0098297,           0.0098297
                 174,            0.023302,            0.012876,          0.00075392,             0.96028,             0.79733,             0.84744,              0.5574,            0.031024,            0.014821,            0.002883,           0.0098287,           0.0098287,           0.0098287
                 175,             0.02405,            0.013734,          0.00085114,             0.96617,             0.79456,              0.8472,             0.57592,            0.030222,            0.015389,           0.0028598,           0.0098277,           0.0098277,           0.0098277
                 176,            0.023057,            0.014005,          0.00086116,             0.96911,             0.79924,             0.84777,             0.60755,            0.029964,            0.015274,           0.0027684,           0.0098268,           0.0098268,           0.0098268
                 177,            0.027079,            0.013304,          0.00078128,             0.95669,             0.79924,             0.84277,             0.61023,            0.033296,             0.01547,           0.0027208,           0.0098258,           0.0098258,           0.0098258
                 178,            0.024976,            0.013887,          0.00095091,             0.97211,              0.7823,             0.83895,             0.59633,            0.033157,             0.01565,            0.002599,           0.0098248,           0.0098248,           0.0098248
                 179,            0.028987,             0.01511,           0.0009519,             0.94871,             0.79924,             0.84286,             0.63416,            0.029558,            0.015829,           0.0027711,           0.0098238,           0.0098238,           0.0098238
                 180,            0.019818,            0.013539,            0.001063,             0.94649,             0.79924,             0.83912,             0.58377,            0.031514,            0.016246,           0.0028512,           0.0098228,           0.0098228,           0.0098228
                 181,            0.024915,            0.013333,          0.00088522,             0.94772,             0.80869,             0.83195,             0.61388,            0.031975,            0.016746,           0.0029184,           0.0098218,           0.0098218,           0.0098218
                 182,            0.021714,            0.013278,          0.00097501,             0.94044,             0.79924,             0.83042,             0.57813,            0.033325,            0.016689,           0.0030728,           0.0098208,           0.0098208,           0.0098208
                 183,            0.027177,            0.014681,          0.00088007,             0.94165,             0.79924,             0.84535,             0.59613,            0.030508,             0.01623,           0.0031082,           0.0098198,           0.0098198,           0.0098198
                 184,            0.021384,            0.013062,          0.00093288,             0.93007,             0.82955,             0.85405,             0.53502,            0.032378,             0.01589,           0.0029723,           0.0098188,           0.0098188,           0.0098188
                 185,            0.026712,            0.012938,          0.00092187,             0.94291,             0.80921,             0.84894,             0.53782,            0.033325,            0.016715,           0.0028752,           0.0098178,           0.0098178,           0.0098178
                 186,            0.025569,            0.016233,          0.00097539,             0.90416,             0.79137,             0.80969,             0.56514,            0.033488,            0.016767,           0.0027152,           0.0098169,           0.0098169,           0.0098169
                 187,            0.027352,            0.012802,           0.0010764,             0.94538,             0.79558,             0.84337,             0.60555,             0.03048,            0.016492,           0.0027239,           0.0098159,           0.0098159,           0.0098159
                 188,            0.021775,            0.012455,           0.0010886,             0.94962,             0.78409,             0.84363,             0.60341,            0.030972,            0.016598,           0.0027387,           0.0098149,           0.0098149,           0.0098149
                 189,            0.024914,            0.012346,           0.0013933,             0.91646,             0.82955,             0.86225,             0.57736,            0.031266,             0.01582,           0.0028183,           0.0098139,           0.0098139,           0.0098139
                 190,             0.02249,            0.014752,          0.00099625,             0.96642,             0.78409,             0.84757,             0.58316,            0.033029,            0.017463,           0.0028987,           0.0098129,           0.0098129,           0.0098129
                 191,            0.027016,            0.014056,            0.001012,             0.95561,             0.78409,             0.84715,             0.59014,            0.029385,             0.01599,           0.0029436,           0.0098119,           0.0098119,           0.0098119
                 192,            0.021227,             0.01081,          0.00095988,             0.96046,             0.77658,             0.83977,             0.58998,            0.030231,            0.016389,           0.0030867,           0.0098109,           0.0098109,           0.0098109
                 193,            0.024498,            0.014183,          0.00086828,             0.95878,             0.78376,             0.84891,             0.60948,            0.029887,            0.015463,           0.0030929,           0.0098099,           0.0098099,           0.0098099
                 194,            0.022317,            0.011092,           0.0008068,             0.91738,             0.81439,             0.84628,             0.57967,            0.032269,            0.016051,           0.0029646,           0.0098089,           0.0098089,           0.0098089
                 195,             0.02481,            0.012736,          0.00080827,             0.92208,             0.82228,             0.85082,              0.6048,            0.030056,            0.015427,           0.0030437,           0.0098079,           0.0098079,           0.0098079
                 196,            0.020364,            0.013371,          0.00071812,             0.92542,             0.82026,             0.84986,             0.58812,            0.030229,            0.015069,           0.0031135,            0.009807,            0.009807,            0.009807
                 197,            0.025254,            0.013451,          0.00079414,             0.92549,             0.81698,             0.84774,             0.61936,             0.03064,            0.015088,           0.0031547,            0.009806,            0.009806,            0.009806
                 198,            0.022951,            0.012377,          0.00067145,             0.95142,             0.85621,             0.86215,             0.54784,             0.03592,            0.015506,           0.0034791,            0.009805,            0.009805,            0.009805
                 199,            0.030394,             0.01189,          0.00094827,             0.95064,              0.8447,              0.8634,             0.60032,            0.029635,            0.014705,           0.0034472,            0.009804,            0.009804,            0.009804
                 200,            0.024999,            0.012414,           0.0007915,             0.95004,             0.85394,             0.86359,             0.59979,            0.030928,            0.015719,           0.0035277,            0.009803,            0.009803,            0.009803
                 201,            0.025075,            0.011917,          0.00082073,             0.95453,             0.85985,             0.86201,             0.62833,            0.029674,            0.015332,            0.003408,            0.009802,            0.009802,            0.009802
                 202,            0.021354,            0.010554,          0.00082506,             0.96132,             0.84181,             0.85871,             0.61677,            0.031383,            0.015596,           0.0032897,            0.009801,            0.009801,            0.009801
                 203,            0.024337,            0.010805,          0.00082961,             0.96213,             0.84308,             0.85667,             0.60884,            0.028547,            0.015062,            0.003333,              0.0098,              0.0098,              0.0098
                 204,            0.020835,            0.012828,          0.00082707,             0.95666,             0.81439,             0.85244,             0.60611,            0.031056,            0.016133,           0.0033101,            0.009799,            0.009799,            0.009799
                 205,            0.026091,            0.012691,          0.00087618,             0.93577,             0.82955,              0.8508,             0.65964,            0.028845,             0.01566,           0.0031935,            0.009798,            0.009798,            0.009798
                 206,            0.024334,            0.013329,          0.00088576,             0.94373,             0.82928,             0.84994,             0.59704,            0.032541,            0.017487,           0.0031172,            0.009797,            0.009797,            0.009797
                 207,            0.025104,            0.014001,          0.00090695,             0.94239,             0.80316,             0.84664,             0.57917,            0.029759,            0.016857,           0.0029651,           0.0097961,           0.0097961,           0.0097961
                 208,            0.020755,            0.011669,          0.00085322,             0.95604,             0.81302,              0.8451,             0.62964,            0.032916,            0.017572,           0.0029178,           0.0097951,           0.0097951,           0.0097951
                 209,             0.02722,            0.013391,          0.00080665,             0.96146,             0.79701,             0.83178,             0.62719,            0.030914,            0.017426,           0.0028435,           0.0097941,           0.0097941,           0.0097941
                 210,            0.021244,            0.011005,          0.00075237,             0.96143,             0.79924,             0.84073,             0.56815,             0.03422,            0.017731,           0.0029789,           0.0097931,           0.0097931,           0.0097931
                 211,            0.026634,            0.013659,          0.00083319,             0.93419,             0.79924,             0.84565,             0.62101,            0.030983,            0.017418,           0.0029895,           0.0097921,           0.0097921,           0.0097921
                 212,            0.021579,            0.012254,          0.00087119,             0.86176,             0.78409,             0.83389,             0.58741,            0.034318,            0.017685,           0.0031991,           0.0097911,           0.0097911,           0.0097911
                 213,             0.02803,            0.014491,          0.00082035,             0.91358,             0.82115,             0.83511,             0.59744,            0.031795,            0.017673,           0.0032285,           0.0097901,           0.0097901,           0.0097901
                 214,            0.023175,             0.01219,          0.00086324,             0.88117,             0.82955,              0.8306,             0.55343,            0.033704,            0.017059,           0.0029892,           0.0097891,           0.0097891,           0.0097891
                 215,            0.026661,            0.013172,          0.00081775,              0.9049,              0.8261,             0.83487,             0.57054,            0.030669,            0.016488,           0.0028495,           0.0097881,           0.0097881,           0.0097881
                 216,            0.021896,            0.013236,          0.00083781,             0.91114,             0.82955,             0.83491,             0.57242,            0.031774,            0.015802,           0.0027866,           0.0097871,           0.0097871,           0.0097871
                 217,             0.02265,            0.012288,          0.00076335,             0.93907,             0.79924,             0.83722,             0.58763,            0.031283,            0.015883,             0.00279,           0.0097862,           0.0097862,           0.0097862
                 218,            0.022489,            0.012556,          0.00080885,             0.92009,             0.81895,             0.83599,             0.57455,            0.031661,            0.015507,           0.0026672,           0.0097852,           0.0097852,           0.0097852
                 219,            0.025314,            0.013678,          0.00090324,             0.94438,             0.79924,             0.84048,             0.58576,            0.032467,            0.015397,           0.0024412,           0.0097842,           0.0097842,           0.0097842
                 220,            0.023743,            0.012783,          0.00081253,             0.94433,             0.79924,             0.83817,             0.56622,            0.032795,            0.016584,           0.0023138,           0.0097832,           0.0097832,           0.0097832
                 221,             0.02803,            0.016496,          0.00083359,             0.95288,             0.79924,             0.85112,             0.57572,            0.031185,            0.016626,           0.0023422,           0.0097822,           0.0097822,           0.0097822
                 222,            0.022006,            0.012297,          0.00085613,              0.9542,             0.79924,             0.85499,              0.5833,            0.031035,            0.016701,            0.002334,           0.0097812,           0.0097812,           0.0097812
                 223,            0.023645,            0.011753,           0.0009218,             0.95546,             0.79924,              0.8537,              0.5908,             0.02875,            0.016148,           0.0025699,           0.0097802,           0.0097802,           0.0097802
                 224,            0.020881,            0.011049,          0.00077247,             0.93513,             0.81439,              0.8551,             0.60621,            0.030429,            0.015623,            0.002609,           0.0097792,           0.0097792,           0.0097792
                 225,            0.024771,            0.011366,          0.00079362,             0.92917,             0.81985,             0.85536,             0.58499,            0.029558,            0.015117,           0.0025429,           0.0097782,           0.0097782,           0.0097782
                 226,            0.019574,            0.013267,          0.00089617,             0.93738,             0.82307,             0.85555,             0.62079,            0.028739,            0.015222,           0.0025196,           0.0097773,           0.0097773,           0.0097773
                 227,            0.021722,            0.011516,           0.0012228,             0.93039,             0.82955,             0.85331,             0.58495,            0.028746,            0.015059,           0.0025397,           0.0097763,           0.0097763,           0.0097763
                 228,            0.021748,            0.013141,          0.00069033,              0.9436,             0.83597,             0.85221,             0.60965,            0.032306,             0.01611,           0.0025655,           0.0097753,           0.0097753,           0.0097753
                 229,            0.024856,            0.013839,          0.00076269,              0.9436,             0.82386,             0.85099,             0.55756,            0.029417,            0.016244,           0.0025795,           0.0097743,           0.0097743,           0.0097743
                 230,            0.019543,            0.011143,          0.00075146,             0.94284,             0.78409,             0.83473,             0.60076,            0.031332,            0.016171,           0.0024518,           0.0097733,           0.0097733,           0.0097733
                 231,            0.022533,            0.011272,          0.00077185,             0.93858,             0.78409,             0.84106,             0.57294,            0.030618,             0.01636,           0.0023254,           0.0097723,           0.0097723,           0.0097723
                 232,            0.019565,            0.013175,          0.00078678,             0.94892,             0.79924,             0.84111,             0.58674,            0.029436,            0.016059,           0.0020992,           0.0097713,           0.0097713,           0.0097713
                 233,            0.023696,            0.011384,          0.00066771,             0.95108,             0.79802,              0.8373,             0.56374,            0.032432,            0.016177,           0.0021264,           0.0097703,           0.0097703,           0.0097703
                 234,            0.027662,            0.013599,          0.00067325,             0.88146,             0.83305,             0.84299,             0.56434,            0.036174,            0.016651,           0.0019371,           0.0097693,           0.0097693,           0.0097693
                 235,            0.033239,            0.014592,          0.00070075,             0.94356,             0.76894,             0.84329,             0.53465,            0.032234,            0.016285,           0.0019767,           0.0097683,           0.0097683,           0.0097683
                 236,            0.023198,            0.013776,          0.00088742,             0.87109,             0.83046,              0.8453,             0.55711,            0.030019,            0.015757,           0.0019543,           0.0097674,           0.0097674,           0.0097674
                 237,            0.022025,            0.015188,          0.00091201,             0.84702,             0.85354,             0.84528,             0.52632,            0.031453,             0.01599,            0.001985,           0.0097664,           0.0097664,           0.0097664
                 238,            0.019272,            0.012448,          0.00094403,             0.86472,             0.83122,              0.8419,             0.59725,            0.031369,            0.016146,           0.0021284,           0.0097654,           0.0097654,           0.0097654
                 239,            0.022245,            0.012719,           0.0010499,              0.8648,             0.83127,             0.83981,             0.56517,            0.030966,            0.016606,           0.0021444,           0.0097644,           0.0097644,           0.0097644
                 240,            0.018411,            0.011392,          0.00088317,             0.87545,             0.81342,             0.83164,             0.56715,            0.033244,             0.01688,           0.0022214,           0.0097634,           0.0097634,           0.0097634
                 241,             0.02414,            0.012976,          0.00084676,             0.93339,             0.76894,             0.83238,             0.55248,            0.032231,            0.016574,           0.0022409,           0.0097624,           0.0097624,           0.0097624
                 242,            0.021383,            0.012716,          0.00080481,             0.90765,             0.80784,              0.8294,             0.52494,             0.03493,            0.017039,           0.0022828,           0.0097614,           0.0097614,           0.0097614
                 243,             0.02535,            0.011974,          0.00086172,             0.90032,             0.81439,             0.83039,             0.57543,            0.032629,            0.016818,           0.0022665,           0.0097604,           0.0097604,           0.0097604
                 244,            0.020068,            0.012498,           0.0013051,             0.91238,             0.81151,              0.8297,              0.5767,            0.033952,            0.016884,            0.002396,           0.0097594,           0.0097594,           0.0097594
                 245,            0.020848,              0.0112,          0.00085833,             0.91627,             0.80913,             0.83113,             0.57135,            0.031206,            0.016151,           0.0024209,           0.0097584,           0.0097584,           0.0097584
                 246,            0.018826,            0.011638,            0.000763,             0.93551,             0.79924,             0.83244,             0.57407,            0.033758,             0.01703,           0.0025527,           0.0097575,           0.0097575,           0.0097575
                 247,            0.023372,            0.015807,          0.00070985,             0.93161,             0.79924,             0.83374,             0.60626,            0.031134,            0.016658,            0.002483,           0.0097565,           0.0097565,           0.0097565
                 248,             0.02021,            0.013319,          0.00075397,             0.94258,             0.79692,             0.83464,             0.61154,            0.034668,            0.016399,           0.0024765,           0.0097555,           0.0097555,           0.0097555
                 249,            0.026902,            0.013926,           0.0006466,             0.94049,             0.79567,             0.83691,              0.6156,            0.033078,            0.016477,           0.0024414,           0.0097545,           0.0097545,           0.0097545
                 250,            0.021874,            0.012651,            0.000647,             0.94572,             0.78409,             0.82923,             0.60374,            0.033219,            0.016437,           0.0022167,           0.0097535,           0.0097535,           0.0097535
                 251,            0.024426,            0.013488,          0.00074474,             0.94524,             0.78409,             0.83114,             0.57644,            0.033127,            0.016451,           0.0021395,           0.0097525,           0.0097525,           0.0097525
                 252,            0.020345,            0.011847,          0.00070401,             0.94591,             0.78409,              0.8334,             0.57103,            0.030422,             0.01608,           0.0019704,           0.0097515,           0.0097515,           0.0097515
                 253,            0.023379,            0.011968,          0.00065241,             0.93158,             0.80581,             0.83556,             0.58586,             0.03415,            0.016024,           0.0018841,           0.0097505,           0.0097505,           0.0097505
                 254,             0.02735,            0.012142,          0.00061593,             0.93671,             0.80222,             0.84059,              0.6288,            0.031888,            0.015959,           0.0022213,           0.0097495,           0.0097495,           0.0097495
                 255,            0.027392,            0.012355,          0.00078446,             0.93547,             0.80733,             0.82087,              0.5751,            0.032247,            0.016141,           0.0023291,           0.0097485,           0.0097485,           0.0097485
                 256,            0.021256,            0.011835,          0.00098438,             0.94257,             0.79298,             0.81655,             0.58311,            0.029954,            0.016171,           0.0026099,           0.0097476,           0.0097476,           0.0097476
                 257,            0.020365,            0.013363,           0.0011475,             0.94189,             0.78409,             0.81888,              0.5799,             0.03077,            0.016432,           0.0023305,           0.0097466,           0.0097466,           0.0097466
                 258,            0.018803,            0.011795,           0.0010218,             0.94155,             0.78409,             0.82239,             0.60739,            0.030283,            0.016366,           0.0020841,           0.0097456,           0.0097456,           0.0097456
                 259,            0.022429,             0.01093,           0.0009818,             0.94126,             0.78409,             0.82361,             0.58354,            0.034741,            0.016725,           0.0020709,           0.0097446,           0.0097446,           0.0097446
                 260,            0.025091,            0.012869,           0.0010171,             0.90006,             0.80797,             0.82463,             0.53858,            0.032561,            0.017096,           0.0022143,           0.0097436,           0.0097436,           0.0097436
                 261,             0.02359,            0.015509,          0.00099732,             0.89407,             0.81439,             0.82025,             0.53795,            0.032133,            0.017005,           0.0022133,           0.0097426,           0.0097426,           0.0097426
                 262,            0.018944,            0.012316,          0.00097564,             0.92787,             0.81953,              0.8394,             0.54299,            0.032027,            0.016289,           0.0021437,           0.0097416,           0.0097416,           0.0097416
                 263,            0.024184,            0.012378,          0.00090251,             0.92504,             0.82955,             0.83482,             0.60713,             0.02975,            0.016254,           0.0022583,           0.0097406,           0.0097406,           0.0097406
                 264,            0.019946,             0.01262,          0.00088294,             0.89063,             0.84082,             0.83491,             0.55583,            0.031745,            0.016913,           0.0021881,           0.0097396,           0.0097396,           0.0097396
                 265,            0.024747,            0.013278,           0.0010371,             0.93878,             0.79924,             0.82663,             0.55598,            0.030472,            0.016372,           0.0019221,           0.0097386,           0.0097386,           0.0097386
                 266,            0.021349,            0.013472,          0.00078351,             0.94319,             0.79924,              0.8312,             0.55406,            0.033071,            0.016649,           0.0016183,           0.0097377,           0.0097377,           0.0097377
                 267,            0.026514,            0.013282,          0.00071435,             0.94458,             0.79924,             0.83443,             0.58904,            0.031358,             0.01607,           0.0016156,           0.0097367,           0.0097367,           0.0097367
                 268,            0.019903,            0.011146,          0.00067034,             0.94609,             0.79924,             0.83483,              0.6121,            0.029475,            0.015776,           0.0016051,           0.0097357,           0.0097357,           0.0097357
                 269,            0.023116,            0.013107,          0.00065746,             0.94949,             0.79924,             0.83715,             0.59003,            0.029154,            0.015936,           0.0018487,           0.0097347,           0.0097347,           0.0097347
                 270,            0.018127,            0.010931,          0.00076242,             0.95019,             0.80893,             0.84119,             0.57813,            0.029339,            0.015943,            0.002113,           0.0097337,           0.0097337,           0.0097337
                 271,            0.021909,            0.012322,          0.00058095,             0.95357,             0.81077,             0.83874,             0.57336,            0.031714,            0.016584,           0.0021247,           0.0097327,           0.0097327,           0.0097327
                 272,            0.021491,            0.011664,          0.00055756,             0.94489,             0.79924,             0.84199,             0.54735,             0.03075,            0.016155,           0.0021332,           0.0097317,           0.0097317,           0.0097317
                 273,            0.021061,            0.010522,          0.00060397,             0.94636,             0.79924,             0.84379,             0.56089,            0.029399,            0.016202,           0.0019733,           0.0097307,           0.0097307,           0.0097307
                 274,            0.018089,             0.01069,           0.0006854,             0.95108,              0.7919,             0.84298,             0.53318,            0.031635,            0.016024,           0.0017608,           0.0097297,           0.0097297,           0.0097297
                 275,            0.024059,            0.011131,          0.00067695,             0.94634,             0.79924,             0.84587,             0.56636,            0.030355,            0.015867,           0.0018398,           0.0097287,           0.0097287,           0.0097287
                 276,             0.02031,            0.011692,          0.00073384,             0.94434,             0.81439,             0.84265,             0.57509,            0.031028,            0.016322,           0.0015654,           0.0097278,           0.0097278,           0.0097278
                 277,            0.022384,            0.013118,           0.0007285,             0.95093,             0.81121,             0.84209,             0.60123,            0.029627,            0.016104,           0.0017367,           0.0097268,           0.0097268,           0.0097268
                 278,            0.018497,            0.012633,          0.00080971,             0.90667,             0.85796,             0.85466,              0.5654,            0.032388,            0.015895,           0.0018465,           0.0097258,           0.0097258,           0.0097258
                 279,            0.023978,            0.013149,          0.00088833,             0.92386,              0.8376,             0.83833,             0.57869,            0.029686,            0.015631,           0.0018602,           0.0097248,           0.0097248,           0.0097248
                 280,            0.018376,            0.011267,          0.00093318,             0.91585,              0.8447,             0.83957,             0.54596,            0.031135,            0.016176,           0.0018075,           0.0097238,           0.0097238,           0.0097238
                 281,            0.024826,            0.013976,          0.00087253,             0.92981,             0.82428,             0.83819,             0.59708,            0.031034,            0.015764,           0.0017082,           0.0097228,           0.0097228,           0.0097228
                 282,            0.021171,            0.010073,          0.00084974,             0.90868,              0.8447,             0.83925,             0.59032,            0.031175,             0.01618,            0.001569,           0.0097218,           0.0097218,           0.0097218
                 283,            0.022451,            0.011834,          0.00096844,              0.9025,              0.8447,             0.83878,             0.59112,            0.030699,            0.016123,           0.0015388,           0.0097208,           0.0097208,           0.0097208
                 284,            0.018861,            0.010444,          0.00082647,             0.93328,             0.81439,             0.83645,             0.57977,            0.030225,            0.016248,           0.0015712,           0.0097198,           0.0097198,           0.0097198
                 285,            0.022667,            0.011922,          0.00082961,             0.93312,              0.8189,             0.84001,             0.56722,            0.033612,            0.017017,           0.0015005,           0.0097188,           0.0097188,           0.0097188
                 286,            0.022677,            0.012321,          0.00079097,             0.91861,             0.82754,             0.83801,             0.56023,            0.030793,            0.016318,           0.0012479,           0.0097179,           0.0097179,           0.0097179
                 287,            0.024812,            0.013935,          0.00070542,             0.90917,             0.82955,             0.84362,             0.56039,            0.029842,            0.016494,           0.0013136,           0.0097169,           0.0097169,           0.0097169
                 288,            0.018565,           0.0092316,          0.00071044,             0.90596,             0.82955,             0.84215,             0.48415,            0.030951,            0.017119,           0.0012376,           0.0097159,           0.0097159,           0.0097159
                 289,            0.025462,            0.012859,          0.00070568,             0.92142,             0.80088,             0.84031,             0.53014,            0.031938,            0.017625,           0.0012557,           0.0097149,           0.0097149,           0.0097149
                 290,             0.02185,            0.011483,          0.00074101,             0.92244,             0.79821,             0.84255,             0.56471,            0.032014,            0.017614,           0.0012977,           0.0097139,           0.0097139,           0.0097139
                 291,            0.023018,            0.011698,          0.00073061,             0.92779,             0.78788,             0.84605,              0.5954,            0.030902,            0.017674,           0.0013953,           0.0097129,           0.0097129,           0.0097129
                 292,            0.019305,            0.011112,          0.00086434,             0.94017,              0.7871,             0.85304,             0.57866,            0.032061,             0.01749,           0.0013202,           0.0097119,           0.0097119,           0.0097119
                 293,            0.022798,            0.014345,          0.00079506,             0.90285,             0.82869,              0.8514,             0.60658,            0.030763,            0.016647,           0.0012829,           0.0097109,           0.0097109,           0.0097109
                 294,             0.02006,            0.012954,          0.00082055,             0.94357,             0.80246,             0.85876,             0.59917,            0.032077,             0.01722,           0.0013825,           0.0097099,           0.0097099,           0.0097099
                 295,            0.026867,            0.013433,          0.00073288,             0.93887,             0.80172,             0.85038,             0.59624,             0.03121,            0.016699,           0.0014781,           0.0097089,           0.0097089,           0.0097089
                 296,             0.02297,            0.010856,           0.0010356,             0.93765,             0.80149,             0.85554,             0.60424,            0.030282,            0.016457,           0.0018861,            0.009708,            0.009708,            0.009708
                 297,            0.021706,            0.011397,          0.00080757,             0.89928,             0.83787,              0.8484,             0.60344,            0.029744,            0.016366,           0.0019718,            0.009707,            0.009707,            0.009707
                 298,            0.019756,            0.012021,          0.00083423,             0.93813,              0.8012,             0.84768,             0.60996,            0.029097,            0.016171,           0.0021109,            0.009706,            0.009706,            0.009706
                 299,            0.021866,             0.01267,          0.00080431,              0.9334,             0.80977,             0.84141,             0.63226,            0.028627,            0.015483,           0.0020912,            0.009705,            0.009705,            0.009705
                 300,            0.019153,            0.010773,          0.00074504,              0.9464,             0.78485,             0.84316,             0.61318,            0.028893,            0.015898,           0.0021916,            0.009704,            0.009704,            0.009704
                 301,            0.022237,            0.011593,          0.00069717,             0.90559,             0.82406,             0.84096,             0.62957,            0.028658,            0.015723,           0.0022836,            0.009703,            0.009703,            0.009703
                 302,            0.019031,            0.010901,          0.00066256,             0.89984,             0.81564,             0.83805,             0.60766,            0.028091,            0.015998,            0.002425,            0.009702,            0.009702,            0.009702
                 303,            0.020611,            0.011593,          0.00054617,             0.90014,             0.82335,             0.83667,             0.63505,            0.028358,             0.01591,           0.0024767,            0.009701,            0.009701,            0.009701
                 304,            0.018059,            0.011974,          0.00056006,              0.9017,             0.80783,             0.83691,             0.62269,            0.028972,            0.016391,           0.0024552,              0.0097,              0.0097,              0.0097
                 305,            0.020466,            0.012014,          0.00060713,             0.93367,             0.78642,             0.83866,             0.62142,            0.028506,             0.01637,           0.0023591,            0.009699,            0.009699,            0.009699
